Cidade,Estado,endereco,valor_movimentado_2025,valor_movimentado_2026,valor_movimentado_total,latitude,longitude,empregos_agropecuaria,empregos_industria,empregos_construção,empregos_comercio,empregos_servicos,total_empregos
São Paulo,SP,"São Paulo, SP",16137023328,6187804950,22324828278,-23.5557714,-46.6395571,2.494,364.932,330.735,899.07,3.800.000,5.397.235
Santos,SP,"Santos, SP",10449487403,3115869855,13565357258,-23.9592201,-46.3317787,287.0,10.116,8.924,30.993,163.822,214.142
São Bernardo do Campo,SP,"São Bernardo do Campo, SP",7154053339,1973179287,9127232626,-23.7018047,-46.5536333,91.0,70.817,11.373,53.559,163.410,299.252
São José dos Campos,SP,"São José dos Campos, SP",7167436290,1807022410,8974458700,-23.2198396,-45.8915658,612.0,40.632,13.793,45.532,127.822,228.391
Paulínia,SP,"Paulínia, SP",7067169721,1705689346,8772859067,-22.7410508,-47.1743005,195.0,13.754,11.839,9.155,26.911,61.854
Piracicaba,SP,"Piracicaba, SP",6135950708,1971182185,8107132893,-22.7344425,-47.64803149999999,1.784,43.889,7.612,33.472,72.732,159.489
Sorocaba,SP,"Sorocaba, SP",6152787905,1904227271,8057015176,-23.470905,-47.4851488,331.0,63.538,11.566,52.491,127.960,255.886
Jundiaí,SP,"Jundiaí, SP",5256279503,1831268386,7087547889,-23.1856528,-46.8892222,451.0,52.792,8.082,38.869,107.138,207.332
Guarulhos,SP,"Guarulhos, SP",5201286919,1855381484,7056668403,-23.4596858,-46.5328559,77.0,101.591,14.586,89.111,238.773,444.138
Campinas,SP,"Campinas, SP",4570082550,1605104643,6175187193,-22.9050824,-47.0613327,1.66,48.535,27.248,92.558,310.387,480.388
Barueri,SP,"Barueri, SP",2709523302,1050272741,3759796043,-23.5035038,-46.8785555,108.0,30.035,15.356,52.898,303.688,402.085
São Sebastião,SP,"São Sebastião, SP",2626712672,879060819,3505773491,-23.8010738,-45.402604,13.0,506.0,1.163,4.652,18.467,24.801
Taubaté,SP,"Taubaté, SP",2658421008,628395698,3286816706,-23.024996,-45.5638792,579.0,20.53,3.316,18.705,56.313,99.443
Indaiatuba,SP,"Indaiatuba, SP",2349154771,858311024,3207465795,-23.0882014,-47.2079588,717.0,31.343,4.748,17.912,42.873,97.593
Gavião Peixoto,SP,"Gavião Peixoto, SP",2424562844,774873065,3199435909,-21.8357036,-48.4930404,890.0,3.329,11.0,72.0,656,4.958
Pindamonhangaba,SP,"Pindamonhangaba, SP",1891699964,766766638,2658466602,-22.9263912,-45.4620449,795.0,12.008,1.447,7.473,20.554,42.277
Cubatão,SP,"Cubatão, SP",1883630325,734565702,2618196027,-23.8918211,-46.4248391,0.0,9.187,3.827,3.786,16.832,33.632
Ilhabela,SP,"Ilhabela, SP",1883632819,711603829,2595236648,-23.8165908,-45.3667925,19.0,154.0,220.0,2.307,8.565,11.265
Cotia,SP,"Cotia, SP",1808144177,575574150,2383718327,-23.6059252,-46.926502,312.0,24.112,4.248,21.065,43.406,93.143
Vinhedo,SP,"Vinhedo, SP",1632531168,549060065,2181591233,-23.0263471,-46.9818714,110.0,18.975,1.047,7.607,15.913,43.652
Guaratinguetá,SP,"Guaratinguetá, SP",1590381598,529539167,2119920765,-22.8036522,-45.1859013,497.0,6.773,1.623,7.749,18.884,35.526
Cajamar,SP,"Cajamar, SP",1488170754,528044951,2016215705,-23.3358524,-46.8401443,6.0,13.735,1.443,15.595,29.937,60.716
Lençóis Paulista,SP,"Lençóis Paulista, SP",1342976929,623500372,1966477301,-22.5988095,-48.7923795,7.125,9.607,2.372,4.665,11.409,35.178
Matão,SP,"Matão, SP",1504246612,396311647,1900558259,-21.6012678,-48.36135669999999,9.137,11.544,928.0,5.113,9.716,36.438
Sumaré,SP,"Sumaré, SP",1460660431,419854778,1880515209,-22.8244116,-47.2707792,471.0,18.383,3.074,18.356,35.137,75.421
Embu,SP,"Embu, SP",1309022162,468855476,1777877638,-23.6498081,-46.8532804,,,,,,
Limeira,SP,"Limeira, SP",1296540537,456891393,1753431930,-22.5838179,-47.4097569,917.0,36.123,3.698,19.617,46.011,106.366
Hortolândia,SP,"Hortolândia, SP",1288822789,436337701,1725160490,-22.8573469,-47.22105639999999,9.0,18.909,3.257,15.193,23.389,60.757
São Carlos,SP,"São Carlos, SP",1267155108,444198566,1711353674,-22.0123291,-47.8908261,2.504,24.602,3.856,16.429,49.056,96.447
Suzano,SP,"Suzano, SP",1261471589,373900154,1635371743,-23.5375265,-46.3092435,524.0,17.865,2.328,16.154,36.232,73.103
Guarujá,SP,"Guarujá, SP",1171069988,454875430,1625945418,-23.9939372,-46.25745740000001,89.0,2.531,1.981,13.651,37.980,56.232
Santo André,SP,"Santo André, SP",1156000010,355899869,1511899879,-23.6876695,-46.493085,8.0,23.822,13.71,45.526,162.033,245.099
Itapevi,SP,"Itapevi, SP",1110227533,374959647,1485187180,-23.5507572,-46.9388116,19.0,12.387,1.784,10.387,24.355,48.932
São Caetano do Sul,SP,"São Caetano do Sul, SP",1151215810,324397225,1475613035,-23.6164434,-46.567958,7.0,13.723,12.062,16.996,81.687,124.475
Lins,SP,"Lins, SP",1121891038,352556292,1474447330,-21.6732788,-49.7470611,488.0,11.202,546.0,4.155,16.455,32.846
Itupeva,SP,"Itupeva, SP",1109745757,316807819,1426553576,-23.1558391,-47.05653969999999,239.0,13.981,1.174,6.245,13.111,34.750
Pederneiras,SP,"Pederneiras, SP",1066163268,346678829,1412842097,-22.3491152,-48.7784668,1.457,5.045,207.0,2.515,5.057,14.281
Jacareí,SP,"Jacareí, SP",1059917678,336530225,1396447903,-23.3029181,-45.9674523,832.0,14.063,2.489,12.112,36.083,65.579
Jaguariúna,SP,"Jaguariúna, SP",1005984094,384174572,1390158666,-22.7042274,-46.9848946,386.0,13.487,1.814,4.946,19.560,40.193
Itu,SP,"Itu, SP",1079033373,295909037,1374942410,-23.2636298,-47.3010875,1.22,18.352,1.866,12.373,35.585,69.396
Americana,SP,"Americana, SP",1003586181,362496392,1366082573,-22.7380303,-47.3340223,181.0,24.532,2.725,17.987,43.355,88.780
Araraquara,SP,"Araraquara, SP",1005229674,280519411,1285749085,-21.7742763,-48.1742397,1.056,17.511,5.007,16.498,49.119,89.191
Colina,SP,"Colina, SP",982549120,265897110,1248446230,-20.7096088,-48.5318251,664.0,2.698,46.0,798.0,3.800,8.006
Osasco,SP,"Osasco, SP",888396033,309561380,1197957413,-23.533385,-46.7914568,37.0,18.421,8.292,49.165,176.850,252.765
Promissão,SP,"Promissão, SP",908418133,262233806,1170651939,-21.5371574,-49.85893770000001,1.053,5.185,227.0,1.472,3.546,11.483
Ribeirão Preto,SP,"Ribeirão Preto, SP",822432964,341221323,1163654287,-21.1694018,-47.8110855,1.491,27.148,13.912,69.702,167.975,280.228
Valinhos,SP,"Valinhos, SP",885956774,246617927,1132574701,-22.9691172,-46.9958185,691.0,14.656,1.306,10.053,22.781,49.487
Itatiba,SP,"Itatiba, SP",791064698,264883844,1055948542,-23.0116344,-46.8375899,553.0,13.639,3.45,6.839,18.059,42.540
Atibaia,SP,"Atibaia, SP",707961153,337387951,1045349104,-23.1155873,-46.5532067,1.631,15.746,1.939,11.032,24.069,54.417
Diadema,SP,"Diadema, SP",782830533,236449591,1019280124,-23.6879922,-46.6251796,0.0,43.423,4.363,20.322,39.911,108.019
